<?xml version="1.0" encoding="UTF-8"?>
<project-private xmlns="http://www.netbeans.org/ns/project-private/1">
    <editor-bookmarks xmlns="http://www.netbeans.org/ns/editor-bookmarks/2" lastBookmarkId="0"/>
    <open-files xmlns="http://www.netbeans.org/ns/projectui-open-files/2">
        <group>
            <file>file:/Users/lucamazzi/Dr3x/NothingLeft_v1/src/NLproject/Main/Lore.java</file>
            <file>file:/Users/lucamazzi/Dr3x/NothingLeft_v1/src/NLproject/Main/NothingLeft.java</file>
            <file>file:/Users/lucamazzi/Dr3x/NothingLeft_v1/src/NLproject/Main/MainRoom.java</file>
            <file>file:/Users/lucamazzi/Dr3x/NothingLeft_v1/src/NLproject/Main/Crediti.java</file>
        </group>
    </open-files>
</project-private>
